evidence_id,evaluation_id,evidence_type,dataset_name,series_or_table_id,citation,url,value_summary,covers_years,notes
evid_simon1960a,eval_simon1960,academic_study,,,"Nils J. Nilsson, The Quest for Artificial Intelligence: A History of Ideas and Achievements, Cambridge University Press, 2010, pp. 291-301.",https://ai.stanford.edu/~nilsson/QAI/qai.pdf,"By 1980 deployed artificial intelligence consisted of narrow rule-based expert systems in circumscribed technical domains - DENDRAL for mass-spectrum interpretation, MYCIN for antimicrobial therapy selection, and R1/XCON in production at Digital Equipment Corporation from 1980 - while natural-language understanding was demonstrated only in simulated micro-worlds, speech systems handled roughly 1,000-word constrained vocabularies, and no system performed general-purpose robotics or commonsense reasoning.",1960-1980,Nilsson asks that the web version not be cited; cite the Cambridge University Press print edition.
evid_simon1960b,eval_simon1960,academic_study,,,"James Lighthill, 'Artificial Intelligence: A General Survey', in Artificial Intelligence: a paper symposium, Science Research Council, London, 1973.",https://www.chilton-computing.org.uk/inf/literature/reports/lighthill_report/p001.htm,"The 1973 Science Research Council survey concluded that 'in no part of the field have the discoveries made so far produced the major impact that was then promised', attributing the shortfall to a failure to recognise the implications of the combinatorial explosion.",1972-1973,Contemporaneous assessment at the midpoint of Simon's twenty-year horizon.
evid_rifkin1995a,eval_rifkin1995,official_statistics,BLS Current Employment Statistics,CES0000000001,"US Bureau of Labor Statistics, Current Employment Statistics, total nonfarm employees, seasonally adjusted, annual averages.",https://api.bls.gov/publicAPI/v1/timeseries/data/,US total nonfarm payroll employment rose from 117.4 million in 1995 to 142.2 million in 2020 and 158.4 million in 2025.,1995-2025,Twelve-month means; seasonally adjusted and unadjusted series agree to within 0.03 percent.
evid_rifkin1995b,eval_rifkin1995,official_statistics,BLS Current Employment Statistics,CES3000000001,"US Bureau of Labor Statistics, Current Employment Statistics, manufacturing employees, seasonally adjusted, annual averages.",https://api.bls.gov/publicAPI/v1/timeseries/data/,"US manufacturing employment fell from 17.2 million in 1995 to 12.1 million in 2020 and 12.6 million in 2025, leaving manufacturing at 8.0 percent of nonfarm payrolls.",1995-2025,The sectoral series is what keeps the verdict at mostly_wrong rather than clearly_wrong.
evid_compton1938a,eval_compton1938,census_series,"Historical Statistics of the United States, Colonial Times to 1970",Series D 5; Series D 15,"US Bureau of the Census, Historical Statistics of the United States, Colonial Times to 1970, Bicentennial Edition, Washington DC, 1975, pp. 126-127.",https://www2.census.gov/library/publications/1975/compendia/hist_stats_colonial-1970/hist_stats_colonial-1970p1-chD.pdf,"US employment rose from 47.5 million in 1940 to 78.6 million in 1970, an increase of 65.5 percent.",1940-1970,"The 1940 figure covers ages 14 and over and the 1970 figure ages 16 and over, the standard Historical Statistics pairing; the same-concept 1940 census figure is 45.1 million."
evid_compton1938b,eval_compton1938,official_statistics,Historical Statistics / BLS,Series D 86; LNU04000000,"US Bureau of the Census, Historical Statistics of the United States, Colonial Times to 1970, p. 135; US Bureau of Labor Statistics, series LNU04000000.",https://www2.census.gov/library/publications/1975/compendia/hist_stats_colonial-1970/hist_stats_colonial-1970p1-chD.pdf,The US unemployment rate fell from 14.6 percent in 1940 to 4.9 percent in 1970.,1940-1970,"The 1940 rate is Lebergott's; Darby's alternative treatment, which counts relief workers as employed, gives 9.5 percent. The choice of series is stated rather than assumed."
evid_fo2013a,eval_freyosborne2013,academic_study,"OECD Social, Employment and Migration Working Papers",No. 255,"Alexandre Georgieff and Anna Milanez, 'What happened to jobs at high risk of automation?', OECD Social, Employment and Migration Working Papers No. 255, OECD Publishing, Paris, 2021. DOI 10.1787/10bc97f4-en.",https://www.oecd-ilibrary.org/social-issues-migration-health/what-happened-to-jobs-at-high-risk-of-automation_10bc97f4-en,"Across 21 OECD countries from 2012 to 2019, employment in the riskiest half of occupations grew 6.1 percent against 17.8 percent in the least risky half, a fixed-effects coefficient of -0.172 implying 1.72 percentage points lower employment growth per 10-point increase in automation risk, while every country recorded net employment growth.",2012-2019,The differential test the exposure_risk track requires.
evid_fo2013b,eval_freyosborne2013,academic_study,Melbourne Institute Working Paper,10/19,"Michael Coelli and Jeff Borland, 'Behind the headline number: Why not to rely on Frey and Osborne's predictions of potential job loss from automation', Melbourne Institute Working Paper No. 10/19, University of Melbourne, 2019.",https://ideas.repec.org/p/iae/iaewps/wp2019n10.html,"Frey and Osborne's risk scores are significantly negatively related to US occupation-level employment change from 2013 to 2018 but add no forecasting value over standard routine-task-intensity measures, and the underlying binary fully-automatable coding is subjectively assigned.",2013-2018,"The critical paper still finds the differential effect; the criticism is about calibration, not sign."
evid_hinton2016a,eval_hinton2016,news_retrospective,,,"Arjun Byju, 'The ""Godfather of AI"" Predicted I Wouldn't Have a Job. He Was Wrong.', The New Republic, 25 October 2024.",https://newrepublic.com/article/187203/ai-radiology-geoffrey-hinton-nobel-prediction,"Eight years after the prediction, deep learning had not replaced radiologists and the specialty faced the largest radiologist shortage in its history, with imaging backlogged for months at some centres.",2016-2024,"Written by a radiology resident; a professional-press retrospective, not peer-reviewed. An occupational employment series for radiologists is the outstanding evidence gap for this verdict."
