prediction_id,author_id,author_role,author_type_at_prediction
pred_ludd1812,auth_nedludd,institutional,labor_organization
pred_byron1812,auth_byron,sole,politician
pred_ricardo1821,auth_ricardo,sole,academic
pred_ure1835,auth_ure,sole,academic
pred_wright1886,auth_wright,institutional,government_agency
pred_wells1889,auth_wells,sole,academic
pred_gompers1894,auth_gompers,sole,labor_organization
pred_keynes1930,auth_keynes,sole,academic
pred_compton1938,auth_compton,sole,academic
pred_wiener1949,auth_wiener,sole,academic
pred_reuther1955,auth_reuther,institutional,labor_organization
pred_simon1960,auth_simon,sole,academic
pred_leontief1983,auth_leontief,sole,academic
pred_rifkin1995,auth_rifkin,sole,futurist
pred_freyosborne2013,auth_frey,lead,academic
pred_freyosborne2013,auth_osborne,coauthor,academic
pred_deloitte2014,auth_deloitte,institutional,consultancy
pred_autor2015,auth_autor,sole,academic
pred_arntz2016,auth_arntz,lead,academic
pred_arntz2016,auth_oecd,institutional,igo
pred_hinton2016,auth_hinton,sole,academic
pred_pwc2017,auth_pwc,institutional,consultancy
pred_itif2022,auth_atkinson,sole,think_tank_private
pred_goldman2023,auth_goldman,institutional,financial_institution
pred_amodei2025,auth_amodei,sole,industry_executive
