prediction_id,tech_id,is_primary
pred_ludd1812,shearing_frame,true
pred_byron1812,labour_saving_machinery,true
pred_ricardo1821,labour_saving_machinery,true
pred_ure1835,mechanization_general,true
pred_wright1886,mechanization_general,true
pred_wells1889,mechanization_general,true
pred_gompers1894,mechanization_general,true
pred_keynes1930,mechanization_general,true
pred_compton1938,mechanization_general,true
pred_wiener1949,automation_general,true
pred_wiener1949,computing,false
pred_reuther1955,automation_general,true
pred_simon1960,computing,true
pred_simon1960,artificial_intelligence,false
pred_leontief1983,computing,true
pred_leontief1983,automation_general,false
pred_rifkin1995,computing,true
pred_rifkin1995,automation_general,false
pred_freyosborne2013,machine_learning,true
pred_freyosborne2013,artificial_intelligence,false
pred_deloitte2014,machine_learning,true
pred_deloitte2014,computing,false
pred_autor2015,computing,true
pred_autor2015,automation_general,false
pred_arntz2016,machine_learning,true
pred_arntz2016,automation_general,false
pred_hinton2016,machine_learning,true
pred_hinton2016,artificial_intelligence,false
pred_pwc2017,machine_learning,true
pred_pwc2017,automation_general,false
pred_itif2022,artificial_intelligence,true
pred_itif2022,automation_general,false
pred_goldman2023,generative_ai,true
pred_goldman2023,artificial_intelligence,false
pred_amodei2025,generative_ai,true
pred_amodei2025,artificial_intelligence,false
