study_id,project,decade,files,urls,notes
nsw,National Supported Work Demonstration,1970s,mdrc-1980-national-supported-work-demonstration,https://www.mdrc.org/sites/default/files/full_249.pdf,"Image-only scan: every page goes through OCR. The gold workbook also draws earnings impacts from Couch (1992, JOLE), which is not openly available and is not supplied to the models."
stets,Structured Training and Employment Transitional Services (STETS),1980s,kerachsky-etal-1985-stets-transitional-employment,https://files.eric.ed.gov/fulltext/ED269911.pdf,ERIC microfiche scan with an OCR text layer of uneven quality.
texas-wad,Texas Worker Adjustment Demonstration,1980s,bloom-1990-back-to-work,https://files.eric.ed.gov/fulltext/ED325667.pdf,Book-length Upjohn monograph (ERIC copy).
jtpa,National JTPA Study,1980s,gao-1996-jtpa-long-term-outcomes,https://www.govinfo.gov/content/pkg/GAOREPORTS-HEHS-96-40/pdf/GAOREPORTS-HEHS-96-40.pdf,Short GAO report on long-term outcomes.
seis,Sectoral Employment Impact Study,2000s,maguire-etal-2010-tuning-in-local-labor-markets,https://ppv.issuelab.org/resources/5101/5101.pdf,Public/Private Ventures report; three sector programmes.
quest,Project QUEST,2000s,roder-elliott-2021-eleven-year-gains,https://questsa.org/wp-content/uploads/2024/01/Mobility_Eleven-Year-Gains.pdf,Short Economic Mobility Corporation report; eleven-year follow-up.
workadvance,WorkAdvance,2010s,hendra-etal-2016-encouraging-evidence-sector-focused;schaberg-greenberg-2020-long-term-effects-sectoral,https://www.mdrc.org/sites/default/files/2016_Workadvance_Final_Web.pdf;https://www.mdrc.org/sites/default/files/WorkAdvance_5-Year_Report-Final.pdf,"Two MDRC reports: two-year impacts and five-year follow-up. Replaces the Minority Female Single Parent Demonstration, whose summary volume is not openly available."
green-jobs,Green Jobs and Health Care,2010s,martinson-etal-2016-green-jobs-health-care-impact,https://files.eric.ed.gov/fulltext/ED618257.pdf,Four DOL-funded programmes; ERIC copy.
youthbuild,YouthBuild,2010s,miller-etal-2018-laying-a-foundation,https://www.mdrc.org/sites/default/files/YouthBuild_Final_508%20compliant.pdf,Pooled national evaluation of 75 programmes.
year-up,PACE – Year Up,2010s,fein-dastrup-2022-benefits-that-last;fein-hamadyk-2018-bridging-opportunity-divide,https://acf.gov/sites/default/files/documents/opre/year%20up%20long-term%20impact%20report_apr2022.pdf;https://www.yearup.org/sites/default/files/2019-03/Year-Up-PACE-Full-Report-2018.pdf,Two Abt reports: early impacts and seven-year follow-up.
