study_id,project,site_subgroup,sources,training_role,mandatory_voluntary,funding_public_private,admin_public_private,has_classroom,has_ojt,has_jsa,has_multiple_components,sector_program,randomization_period,n_treatment,n_control,treatment_duration_months,program_takeup_impact,st_emp_impact,st_emp_se,st_emp_stars,st_emp_control_mean,mt_emp_impact,mt_emp_se,mt_emp_stars,mt_emp_control_mean,lt_emp_impact,lt_emp_se,lt_emp_stars,lt_emp_control_mean,st_earn_impact,st_earn_se,st_earn_stars,st_earn_control_mean,mt_earn_impact,mt_earn_se,mt_earn_stars,mt_earn_control_mean,lt_earn_impact,lt_earn_se,lt_earn_stars,lt_earn_control_mean,cost_per_treated,outcome_data_source,st_earn_cadence,mt_earn_cadence,lt_earn_cadence
nsw,National Supported Work Demonstration,Women on AFDC long-term,"MDRC 1980, Summary and Findings of the National Supported Work Demonstration. Tables 9-1 (p. 153), 4-1 (p. 59), 4-3 (p. 61), 2-5 (p. 32), 2-8 (p. 37).",primary,voluntary,public,private,0,1,1,1,0,February 1976 – March 1979,804,816,9.5,89.8,37.1,,**,39.4,8.5,,**,40.6,,,,,248.0,163.0,,,234.0,172.0,,,441.2,211.9,,,8139.0,administrative (SSA earnings records via Couch 1992) for earnings; self-report survey (via MDRC 1980) for employment,"annual (calendar year 1979, ~Year 1 posttraining; ~Year 2 post-RA on cohort average)","annual (calendar year 1980, ~Year 2 posttraining; ~Year 3 post-RA on cohort average; flagged by Couch for SSA data quality)","annual (average over 1982-1986, ~Years 4-8 posttraining; ~Years 5-9 post-RA)"
nsw,National Supported Work Demonstration,Ex-addicts,"MDRC 1980, Summary and Findings of the National Supported Work Demonstration. Table 9-2 (p. 155), Table 2-5 (p. 32), Table 2-8 (p. 37).",primary,voluntary,public,private,0,1,1,1,0,February 1976 – March 1979,726,707,6.8,83.9,10.8,,**,53.1,3.5,,,53.0,10.1,,*,53.9,39.2,,*,220.42,16.42,,,261.33,101.73,,**,224.36,5740.0,self-report (survey),monthly (averaged over months 10-18),monthly (averaged over months 19-27),monthly (averaged over months 28-36)
nsw,National Supported Work Demonstration,Ex-offenders,"MDRC 1980, Summary and Findings of the National Supported Work Demonstration. Table 9-4 (p. 160), Table 2-5 (p. 32), Table 2-8 (p. 37), text p. 37.",primary,voluntary,public,private,0,1,1,1,0,February 1976 – March 1979,1117,1194,5.2,80.3,6.8,,**,59.2,3.2,,,53.3,1.2,,,57.8,25.16,,,260.83,14.99,,,254.15,62.6,,,304.2,4455.0,self-report (survey),monthly (averaged over months 10-18),monthly (averaged over months 19-27),monthly (averaged over months 28-36)
nsw,National Supported Work Demonstration,Young school dropouts,"MDRC 1980, Summary and Findings of the National Supported Work Demonstration. Table 9-3 (p. 158), Table 2-5 (p. 32), Table 2-8 (p. 37).",primary,voluntary,public,private,0,1,1,1,0,February 1976 – March 1979,567,685,6.8,75.8,6.2,,*,62.7,0.0,,,62.6,8.7,,,66.2,9.0,175.0,,,157.0,203.0,,,13.0,223.2,,,5740.0,administrative (SSA earnings records via Couch 1992) for earnings; self-report survey (via MDRC 1980) for employment,"annual (calendar year 1979, ~Year 1 posttraining; ~Year 2 post-RA on cohort average)","annual (calendar year 1980, ~Year 2 posttraining; ~Year 3 post-RA on cohort average; flagged for SSA data quality)","annual (average over 1982-1986, ~Years 4-8 posttraining; ~Years 5-9 post-RA)"
jtpa,National JTPA Study,Adult women,"GAO 1996, Job Training Partnership Act: Long-Term Earnings and Employment Outcomes (GAO/HEHS-96-40). Tables II.1-II.12 (Appendix II, pp. 20-25).",primary,voluntary,public,mixed,1,1,1,1,0,November 1987 – September 1989,3631,1723,3.8,64.0,2.9,1.2,**,77.4,3.1,1.35,**,68.1,2.13,,,67.7,379.0,145.0,***,4323.0,583.0,196.0,***,5319.0,514.0,213.0,**,5761.0,2147.0,SSA earnings records,annual,annual,annual (average over Years 3-5)
jtpa,National JTPA Study,Adult men,"GAO 1996, Job Training Partnership Act: Long-Term Earnings and Employment Outcomes (GAO/HEHS-96-40). Tables II.1-II.12 (Appendix II, pp. 20-25).",primary,voluntary,public,mixed,1,1,1,1,0,November 1987 – September 1989,2874,1435,2.8,61.2,0.3,1.1,,86.4,2.4,1.4,*,73.9,2.43,,,71.7,491.0,216.0,**,6410.0,573.0,279.0,**,7363.0,485.0,302.0,,7805.0,1571.0,SSA earnings records,annual,annual,annual (average over Years 3-5)
jtpa,National JTPA Study,Female out-of-school youths,"GAO 1996, Job Training Partnership Act: Long-Term Earnings and Employment Outcomes (GAO/HEHS-96-40). Tables II.1-II.12 (Appendix II, pp. 20-25).",primary,voluntary,public,mixed,1,1,1,1,0,November 1987 – September 1989,1593,707,4.3,64.2,2.4,1.8,,79.6,-1.3,1.96,,75.1,0.2,,,72.9,-50.0,172.0,,3389.0,10.0,240.0,,4383.0,186.0,268.0,,4734.0,2717.0,SSA earnings records,annual,annual,annual (average over Years 3-5)
jtpa,National JTPA Study,Male out-of-school youths,"GAO 1996, Job Training Partnership Act: Long-Term Earnings and Employment Outcomes (GAO/HEHS-96-40). Tables II.1-II.12 (Appendix II, pp. 20-25).",primary,voluntary,public,mixed,1,1,1,1,0,November 1987 – September 1989,1177,559,3.2,68.0,-1.6,1.43,,92.1,-0.4,1.95,,82.6,1.4,,,79.8,-180.0,243.0,,4792.0,-367.0,338.0,,6497.0,224.0,378.0,,6567.0,2767.0,SSA earnings records,annual,annual,annual (average over Years 3-5)
year-up,PACE – Year Up,Full sample (8 offices pooled),"Fein and Dastrup 2022, Benefits that Last: Long-term impact and cost-benefit findings for Year Up. Exhibit 2-1 (earnings impacts, p.14), Exhibit 1-1 (sample characteristics, pp.8-9), Exhibit 5-2 (costs, p.49). Exhibit 2-3 (employment status from six-year survey, p.16). Exhibit 3-2 (education outcomes/credential receipt, p.32). Fein and Hamadyk 2018, Bridging the Opportunity Divide for Low-Income Youth: Implementation and Early Impacts of the Year Up Program, Exhibit 3-2 (Selected Characteristics of the Study Sample, N=2,544), p. 29.",primary,voluntary,mixed,private,1,1,1,1,1,January 2013 – August 2014,1637,858,12.0,92.6,1.5,,,77.6,2.0,,,78.6,2.08,,,79.9,5222.0,507.0,***,13978.0,7011.0,636.0,***,17320.0,7460.0,736.0,***,20280.0,33906.0,NDNH wage records,annual (cumulative over 4 quarters),annual (cumulative over 4 quarters),"annual (average over Years 3-5, cumulative over 4 quarters each year)"
workadvance,WorkAdvance,Per Scholas (Bronx),"Schaberg and Greenberg (2020), 'A Longer Follow-Up of WorkAdvance: Final Five-Year Impacts of a Sectoral Training and Advancement Strategy,' MDRC. LT impact: Table 2.1, p. 16 (calendar year 2017, NDNH; ~5 years after the mid-2012 randomization midpoint). Demographics: Table 1.1 (p.5). ST/MT from Hendra et al. (2016), 'Encouraging Evidence on a Sector-Focused Advancement Strategy: Two-Year Impacts from the WorkAdvance Demonstration,' MDRC. Table 5.2 (pp. 124-125) for Year 1 and Year 2 UI wage record impacts.",primary,voluntary,mixed,private,1,1,1,1,1,June 2011 – June 2013,349,341,3.75,68.3,6.1,3.7,*,71.0,6.0,3.1,**,76.4,1.3,,,83.3,150.0,,,8718.0,3747.0,1454.4,***,14471.0,4503.0,2036.0,**,28049.0,6214.0,NDNH,"annual (Quarters 2-5, UI wage records)","annual (Quarters 6-9, UI wage records)","annual (calendar year 2017, NDNH)"
workadvance,WorkAdvance,St. Nicks Alliance (Brooklyn),"Schaberg and Greenberg (2020), 'A Longer Follow-Up of WorkAdvance: Final Five-Year Impacts of a Sectoral Training and Advancement Strategy,' MDRC. LT impact: Table 2.2, p. 20 (calendar year 2017, NDNH; ~5 years after the mid-2012 randomization midpoint). Demographics: Table 1.1 (p.5). ST/MT from Hendra et al. (2016), 'Encouraging Evidence on a Sector-Focused Advancement Strategy: Two-Year Impacts from the WorkAdvance Demonstration,' MDRC. Table 5.2 (pp. 124-125) for Year 1 and Year 2 UI wage record impacts.",primary,voluntary,mixed,private,1,0,1,1,1,June 2011 – June 2013,242,237,2.0,53.0,7.7,3.9,**,70.4,2.1,,,72.2,-1.5,,,81.4,-253.0,,,9648.0,191.0,,,14229.0,1957.0,2257.0,,22586.0,7696.0,NDNH,"annual (Quarters 2-5, UI wage records)","annual (Quarters 6-9, UI wage records)","annual (calendar year 2017, NDNH)"
workadvance,WorkAdvance,Madison Strategies Group (Tulsa),"Schaberg and Greenberg (2020), 'A Longer Follow-Up of WorkAdvance: Final Five-Year Impacts of a Sectoral Training and Advancement Strategy,' MDRC. LT impact: Table 2.3, p. 23 (calendar year 2017, NDNH; ~5 years after the mid-2012 randomization midpoint). Demographics: Table 1.1 (p.5). ST/MT from Hendra et al. (2016), 'Encouraging Evidence on a Sector-Focused Advancement Strategy: Two-Year Impacts from the WorkAdvance Demonstration,' MDRC. Table 5.2 (pp. 124-125) for Year 1 and Year 2 UI wage record impacts.",primary,voluntary,mixed,private,1,0,1,1,1,June 2011 – June 2013,353,344,4.5,49.9,2.8,,,86.5,-2.5,,,82.8,-1.3,,,78.6,328.0,,,12933.0,1837.0,1116.6,*,14804.0,1780.0,1318.0,,17958.0,6048.0,NDNH,"annual (Quarters 2-5, UI wage records)","annual (Quarters 6-9, UI wage records)","annual (calendar year 2017, NDNH)"
workadvance,WorkAdvance,Towards Employment (NE Ohio),"Schaberg and Greenberg (2020), 'A Longer Follow-Up of WorkAdvance: Final Five-Year Impacts of a Sectoral Training and Advancement Strategy,' MDRC. LT impact: Table 2.4, p. 27 (calendar year 2017, NDNH; ~5 years after the mid-2012 randomization midpoint). Demographics: Table 1.1 (p.5). ST/MT from Hendra et al. (2016), 'Encouraging Evidence on a Sector-Focused Advancement Strategy: Two-Year Impacts from the WorkAdvance Demonstration,' MDRC. Table 5.2 (pp. 124-125) for Year 1 and Year 2 UI wage record impacts.",primary,voluntary,mixed,private,1,0,1,1,1,June 2011 – June 2013,349,349,2.4,53.2,4.8,2.9,*,78.8,5.4,3.3,*,73.7,1.7,,,80.8,12.0,,,9483.0,1621.0,985.3,*,11602.0,1529.0,1185.0,,17477.0,6443.0,NDNH,"annual (Quarters 2-5, UI wage records)","annual (Quarters 6-9, UI wage records)","annual (calendar year 2017, NDNH)"
seis,Sectoral Employment Impact Study,WRTP (Milwaukee),"Maguire, Freely, Clymer, Conway, and Schwartz (2010), 'Tuning In to Local Labor Markets: Findings from the Sectoral Employment Impact Study,' Public/Private Ventures. Table 6 (p.21) for impacts, Table 5 (p.19) for baseline demographics. Table 2 (p.10) for training cohorts.",primary,voluntary,mixed,private,1,0,1,1,1,approximately 2003–2005,173,168,1.6,73.0,1.7,,,65.0,2.0,,,88.0,,,,,2520.0,,,12675.0,3735.0,,***,13614.0,,,,,,self-report (survey),"cumulative over months 1-12 (Year 1, derived by subtraction from NDNH)",cumulative over months 13-24 (Year 2),
seis,Sectoral Employment Impact Study,JVS-Boston,"Maguire, Freely, Clymer, Conway, and Schwartz (2010), 'Tuning In to Local Labor Markets: Findings from the Sectoral Employment Impact Study,' Public/Private Ventures. Table 13 (p.33) for impacts, Table 12 (p.30) for baseline demographics.",primary,voluntary,mixed,private,1,0,1,1,1,approximately 2003–2005,181,147,5.2,74.0,-2.5,,,45.8,10.0,,**,72.0,,,,,102.0,,,8088.0,4237.0,,***,12098.0,,,,,,self-report (survey),"cumulative over months 1-12 (Year 1, derived by subtraction from NDNH)",cumulative over months 13-24 (Year 2),
seis,Sectoral Employment Impact Study,"Per Scholas (Bronx, IT) [SEIS]","Maguire, Freely, Clymer, Conway, and Schwartz (2010), 'Tuning In to Local Labor Markets: Findings from the Sectoral Employment Impact Study,' Public/Private Ventures. Table 17 (p.42) for impacts, Table 16 (p.39) for baseline demographics.",primary,voluntary,mixed,private,1,1,1,1,1,approximately 2003–2005,175,170,3.6,78.0,1.7,,,46.7,9.0,,*,73.0,,,,,-836.0,,,11312.0,4663.0,,***,14680.0,,,,,,self-report (survey),"cumulative over months 1-12 (Year 1, derived by subtraction from NDNH)",cumulative over months 13-24 (Year 2),
green-jobs,Green Jobs and Health Care,AIOIC (Minneapolis),"Martinson, Stanczyk, and Eyster (2016), 'The Green Jobs and Health Care Impact Evaluation: Findings from the Impact Study of Four Training Programs for Unemployed and Underemployed Workers,' Abt Associates for ACF/OPRE. Exhibit 3.9 (p.39) for impacts, Exhibit 3.3 (p.31) for baseline demographics.",primary,voluntary,public,private,1,0,1,1,0,August 2011 – May 2013,271,271,2.5,25.6,-1.5,,,68.8,-2.6,,,82.5,,,,,-396.0,,,11960.0,-79.0,,,7682.0,,,,,,NDNH,"cumulative over Q1-Q4 (Year 1, NDNH)","cumulative over Q5-Q6 (months 13-18, NDNH)",
green-jobs,Green Jobs and Health Care,GRCC (Grand Rapids),"Martinson, Stanczyk, and Eyster (2016), 'The Green Jobs and Health Care Impact Evaluation: Findings from the Impact Study of Four Training Programs for Unemployed and Underemployed Workers,' Abt Associates for ACF/OPRE. Exhibit 4.9 for impacts, Exhibit 4.3 for baseline demographics.",primary,voluntary,public,public,1,0,1,1,0,August 2011 – April 2012,183,91,3.3,33.1,4.6,,,47.5,6.4,,,64.4,,,,,148.0,,,8200.0,576.0,,,5868.0,,,,,,NDNH,"cumulative over Q1-Q4 (Year 1, NDNH)","cumulative over Q5-Q6 (months 13-18, NDNH)",
green-jobs,Green Jobs and Health Care,KCCD (Bakersfield),"Martinson, Stanczyk, and Eyster (2016), 'The Green Jobs and Health Care Impact Evaluation: Findings from the Impact Study of Four Training Programs for Unemployed and Underemployed Workers,' Abt Associates for ACF/OPRE. Exhibit 5.9 for impacts, Exhibit 5.3 for baseline demographics.",primary,voluntary,public,public,1,0,1,1,0,August 2011 – May 2013,407,409,2.5,54.1,1.0,,,58.2,4.7,,,61.7,,,,,1338.0,,,10892.0,1520.0,,**,7709.0,,,,,,NDNH,"cumulative over Q1-Q4 (Year 1, NDNH)","cumulative over Q5-Q6 (months 13-18, NDNH)",
green-jobs,Green Jobs and Health Care,"NCTC (Gainesville, TX)","Martinson, Stanczyk, and Eyster (2016), 'The Green Jobs and Health Care Impact Evaluation: Findings from the Impact Study of Four Training Programs for Unemployed and Underemployed Workers,' Abt Associates for ACF/OPRE. Exhibit 6.10 for impacts, Exhibit 6.3 for baseline demographics.",primary,voluntary,public,public,1,0,1,1,0,July 2011 – April 2013,550,434,2.4,29.3,-2.8,,,69.5,-2.3,,,82.3,,,,,-202.0,,,11937.0,-345.0,,,7945.0,,,,,,NDNH,"cumulative over Q1-Q4 (Year 1, NDNH)","cumulative over Q5-Q6 (months 13-18, NDNH)",
quest,Project QUEST,San Antonio,"Roder and Elliott (2021), 'Eleven Year Gains: Project QUEST's Investment Continues to Pay Dividends,' Economic Mobility Corporation. Table A3 (p.25) for regression-adjusted impacts with SEs and p-values; Table 1 (p.6) for demographics; Table 2 (p.18) for costs; Figure 3 (p.7) for annual earnings levels.",primary,voluntary,mixed,private,1,0,1,1,1,April 2006 – October 2008,207,203,12.4,8.1,-2.4,3.5,,,-2.8,3.8,,,4.0,,,77.0,-2905.0,962.0,***,13575.0,-2866.0,1238.0,**,16215.0,3509.0,1898.0,*,19671.0,26705.0,Texas Workforce Commission UI wage records,annual (constant 2019 dollars),annual (constant 2019 dollars),"annual (average over Years 3-5, constant 2019 dollars)"
stets,Structured Training and Employment Transitional Services (STETS),Pooled (5 cities),"Kerachsky et al. 1985 (MDRC), 'STETS: Final Report.' Table III.1 (p.40): demographics. Table IV.4 (p.73): employment impacts. Table IX.1 (p.172): summary impacts. Table IX.2 (p.175): subgroup impacts.",primary,voluntary,public,private,0,1,1,1,0,1981-1982,226,211,12.0,92.0,9.4,4.79,**,16.8,11.9,6.07,**,19.1,,,,,10.59,5.4,**,16.31,15.81,8.06,**,20.55,,,,,9400.0,22-month interview,weekly,weekly,
youthbuild,YouthBuild,Pooled (75 programs nationwide),"Miller et al. 2018 (MDRC), Laying a Foundation: Four-Year Results from the National YouthBuild Evaluation, Table 3.2, Appendix Table B.1",primary,voluntary,public,private,1,1,0,1,0,2011-2013,2662,1216,9.0,82.1,-2.4,1.5,,51.3,3.2,1.6,**,59.7,0.2,,,69.8,-314.0,130.3,**,2408.0,-201.0,191.1,,3937.0,181.0,276.0,,6030.0,16965.0,National Directory of New Hires (NDNH),annual,annual,"annual (average over Years 3,4)"
texas-wad,Texas Worker Adjustment Demonstration,"Houston men, TEC/HCC: Tier I/II vs Tier I","Bloom, Howard S. 1990. Back to Work: Testing Reemployment Services for Displaced Workers. Kalamazoo, MI: W.E. Upjohn Institute. Earnings: Table 7.2, p.134, 'All men' row, 'Total' column. Employment: Table 7.3, p.134, 'All men' row, 'Pct employed 3rd & 4th survey quarter'. Sample sizes: Table 4.1, p.66; Table 4.2, pp.68-69. Cost: Table 8.2, p.166, Assumption B, weighted across sites.",primary,mandatory,public,mixed,1,1,1,1,0,July 1984 – March 1985,649,451,3.5,72.0,-9.0,,,10.0,,,,,,,,,-83.0,,,403.0,,,,,,,,,3215.0,UI wage records,annual (sum of Q1-Q4 quarterly impacts),,
texas-wad,Texas Worker Adjustment Demonstration,"El Paso women, Tier I/II vs Control (pooled SEE + SER/JOBS)","Bloom, Howard S. 1990. Back to Work: Testing Reemployment Services for Displaced Workers. Kalamazoo, MI: W.E. Upjohn Institute. Earnings: Table 7.2, p.134, 'El Paso women' row, 'Total' column. Employment: Table 7.3, p.134, 'El Paso women' row, 'Pct employed 3rd & 4th survey quarter'. Sample sizes: Table 4.1, p.66; Table 4.2, pp.68-69. Cost: Table 8.2, p.166, Assumption B, weighted across El Paso sites.",secondary,mandatory,public,mixed,1,1,1,1,0,July 1984 – March 1985,349,283,3.5,82.0,10.0,4.3,**,69.0,,,,,,,,,987.0,424.2,**,3525.0,,,,,,,,,881.0,UI wage records,annual,,
