phrase,year,frequency
technological unemployment,1800,0
technological unemployment,1801,0
technological unemployment,1802,0
technological unemployment,1803,0
technological unemployment,1804,0
technological unemployment,1805,0
technological unemployment,1806,0
technological unemployment,1807,0
technological unemployment,1808,0
technological unemployment,1809,0
technological unemployment,1810,0
technological unemployment,1811,0
technological unemployment,1812,0
technological unemployment,1813,0
technological unemployment,1814,0
technological unemployment,1815,0
technological unemployment,1816,0
technological unemployment,1817,0
technological unemployment,1818,0
technological unemployment,1819,0
technological unemployment,1820,0
technological unemployment,1821,0
technological unemployment,1822,0
technological unemployment,1823,0
technological unemployment,1824,1.28063829382e-10
technological unemployment,1825,1.28063829382e-10
technological unemployment,1826,1.28063829382e-10
technological unemployment,1827,1.28063829382e-10
technological unemployment,1828,1.28063829382e-10
technological unemployment,1829,6.66057605895e-10
technological unemployment,1830,6.66057605895e-10
technological unemployment,1831,5.37993776512e-10
technological unemployment,1832,6.19401498346e-10
technological unemployment,1833,6.19401498346e-10
technological unemployment,1834,6.19401498346e-10
technological unemployment,1835,6.99515088711e-10
technological unemployment,1836,1.61521312198e-10
technological unemployment,1837,1.61521312198e-10
technological unemployment,1838,1.61521312198e-10
technological unemployment,1839,8.01135903648e-11
technological unemployment,1840,8.01135903648e-11
technological unemployment,1841,8.01135903648e-11
technological unemployment,1842,0
technological unemployment,1843,0
technological unemployment,1844,0
technological unemployment,1845,0
technological unemployment,1846,0
technological unemployment,1847,0
technological unemployment,1848,0
technological unemployment,1849,0
technological unemployment,1850,0
technological unemployment,1851,0
technological unemployment,1852,0
technological unemployment,1853,0
technological unemployment,1854,0
technological unemployment,1855,0
technological unemployment,1856,0
technological unemployment,1857,0
technological unemployment,1858,0
technological unemployment,1859,0
technological unemployment,1860,0
technological unemployment,1861,0
technological unemployment,1862,0
technological unemployment,1863,0
technological unemployment,1864,0
technological unemployment,1865,0
technological unemployment,1866,0
technological unemployment,1867,0
technological unemployment,1868,0
technological unemployment,1869,0
technological unemployment,1870,0
technological unemployment,1871,0
technological unemployment,1872,0
technological unemployment,1873,0
technological unemployment,1874,1.13551152608e-10
technological unemployment,1875,1.13551152608e-10
technological unemployment,1876,1.13551152608e-10
technological unemployment,1877,1.13551152608e-10
technological unemployment,1878,1.13551152608e-10
technological unemployment,1879,1.13551152608e-10
technological unemployment,1880,1.44844836522e-10
technological unemployment,1881,3.1293683914e-11
technological unemployment,1882,3.1293683914e-11
technological unemployment,1883,1.19260308177e-09
technological unemployment,1884,1.19260308177e-09
technological unemployment,1885,1.22020610084e-09
technological unemployment,1886,1.22020610084e-09
technological unemployment,1887,1.50447808576e-09
technological unemployment,1888,1.50447808576e-09
technological unemployment,1889,1.579136175e-09
technological unemployment,1890,4.17826777145e-10
technological unemployment,1891,6.85645338124e-10
technological unemployment,1892,8.0756165247e-10
technological unemployment,1893,8.0756165247e-10
technological unemployment,1894,4.91995983636e-10
technological unemployment,1895,5.32238455689e-10
technological unemployment,1896,4.76006634902e-10
technological unemployment,1897,7.05425864548e-10
technological unemployment,1898,4.71867695711e-10
technological unemployment,1899,3.22348362288e-10
technological unemployment,1900,3.22348362288e-10
technological unemployment,1901,4.20015696826e-10
technological unemployment,1902,3.79773224773e-10
technological unemployment,1903,3.76475901049e-10
technological unemployment,1904,1.92213628942e-10
technological unemployment,1905,1.579532368e-10
technological unemployment,1906,1.579532368e-10
technological unemployment,1907,1.579532368e-10
technological unemployment,1908,9.93817320105e-11
technological unemployment,1909,1.12463158825e-10
technological unemployment,1910,8.42745185145e-10
technological unemployment,1911,8.10856768634e-10
technological unemployment,1912,8.38233512363e-10
technological unemployment,1913,8.51809972756e-10
technological unemployment,1914,8.79583761977e-10
technological unemployment,1915,9.46501487306e-10
technological unemployment,1916,1.43409070829e-09
technological unemployment,1917,7.8158482563e-10
technological unemployment,1918,7.68316284602e-10
technological unemployment,1919,1.4023610616e-09
technological unemployment,1920,1.65307833097e-09
technological unemployment,1921,1.99887108453e-09
technological unemployment,1922,5.49206963241e-09
technological unemployment,1923,6.53070747481e-09
technological unemployment,1924,8.75696895949e-09
technological unemployment,1925,1.5615799923e-08
technological unemployment,1926,3.34951648322e-08
technological unemployment,1927,7.46194738697e-08
technological unemployment,1928,1.38575957693e-07
technological unemployment,1929,2.0173681557e-07
technological unemployment,1930,2.89289577944e-07
technological unemployment,1931,3.41074907238e-07
technological unemployment,1932,3.77057113659e-07
technological unemployment,1933,4.07593424662e-07
technological unemployment,1934,4.02782936655e-07
technological unemployment,1935,3.82835423807e-07
technological unemployment,1936,3.56022427793e-07
technological unemployment,1937,3.13076648289e-07
technological unemployment,1938,2.86287530571e-07
technological unemployment,1939,2.65972064182e-07
technological unemployment,1940,2.32293477406e-07
technological unemployment,1941,2.11658708338e-07
technological unemployment,1942,1.84291037288e-07
technological unemployment,1943,1.60196537178e-07
technological unemployment,1944,1.31198608041e-07
technological unemployment,1945,1.18121134968e-07
technological unemployment,1946,1.11376721179e-07
technological unemployment,1947,1.10429627601e-07
technological unemployment,1948,1.06610390357e-07
technological unemployment,1949,1.01803102837e-07
technological unemployment,1950,9.7417741683e-08
technological unemployment,1951,9.28111368077e-08
technological unemployment,1952,9.77936725885e-08
technological unemployment,1953,1.00492883348e-07
technological unemployment,1954,1.03598715384e-07
technological unemployment,1955,1.05699457314e-07
technological unemployment,1956,1.1631520128e-07
technological unemployment,1957,1.30159971182e-07
technological unemployment,1958,1.45063272125e-07
technological unemployment,1959,1.48144979205e-07
technological unemployment,1960,1.51672050411e-07
technological unemployment,1961,1.5595566692e-07
technological unemployment,1962,1.57803827148e-07
technological unemployment,1963,1.51258404912e-07
technological unemployment,1964,1.37701059698e-07
technological unemployment,1965,1.2228516206e-07
technological unemployment,1966,1.10287833723e-07
technological unemployment,1967,9.85502067254e-08
technological unemployment,1968,8.72318923127e-08
technological unemployment,1969,8.18162289664e-08
technological unemployment,1970,7.35336845383e-08
technological unemployment,1971,6.72413063642e-08
technological unemployment,1972,6.05106486822e-08
technological unemployment,1973,5.53681590735e-08
technological unemployment,1974,5.14178251722e-08
technological unemployment,1975,4.55527501434e-08
technological unemployment,1976,4.06667598643e-08
technological unemployment,1977,3.98264141666e-08
technological unemployment,1978,3.95567779167e-08
technological unemployment,1979,4.01720607255e-08
technological unemployment,1980,4.2397240512e-08
technological unemployment,1981,4.31248418563e-08
technological unemployment,1982,4.42120615674e-08
technological unemployment,1983,4.36852134149e-08
technological unemployment,1984,4.14105260558e-08
technological unemployment,1985,4.02717072388e-08
technological unemployment,1986,3.76364973472e-08
technological unemployment,1987,3.30929521246e-08
technological unemployment,1988,2.84989383204e-08
technological unemployment,1989,2.48747291971e-08
technological unemployment,1990,2.21960257158e-08
technological unemployment,1991,2.15431039357e-08
technological unemployment,1992,2.18982367477e-08
technological unemployment,1993,2.4229743418e-08
technological unemployment,1994,2.41784087355e-08
technological unemployment,1995,2.39703707042e-08
technological unemployment,1996,2.40527102997e-08
technological unemployment,1997,2.65912901857e-08
technological unemployment,1998,2.48611577039e-08
technological unemployment,1999,2.40609284877e-08
technological unemployment,2000,2.0918274097e-08
technological unemployment,2001,1.98500653375e-08
technological unemployment,2002,1.98043840375e-08
technological unemployment,2003,1.93070591895e-08
technological unemployment,2004,1.56884407687e-08
technological unemployment,2005,1.44455179247e-08
technological unemployment,2006,1.26157127919e-08
technological unemployment,2007,1.1497049154e-08
technological unemployment,2008,1.08543991573e-08
technological unemployment,2009,1.02061857378e-08
technological unemployment,2010,1.08547615341e-08
technological unemployment,2011,1.10049086034e-08
technological unemployment,2012,1.33893840777e-08
technological unemployment,2013,1.51383467032e-08
technological unemployment,2014,1.82498670144e-08
technological unemployment,2015,2.35944722807e-08
technological unemployment,2016,3.10027806602e-08
technological unemployment,2017,2.86487033461e-08
technological unemployment,2018,2.70127894656e-08
technological unemployment,2019,2.33739679041e-08
technological unemployment,2020,2.31537864437e-08
technological unemployment,2021,2.15401449566e-08
technological unemployment,2022,1.56790225248e-08
automation,1800,4.16600121067e-09
automation,1801,3.33280096854e-09
automation,1802,2.77733414045e-09
automation,1803,2.38057212038e-09
automation,1804,2.11872602003e-09
automation,1805,1.5400693419e-09
automation,1806,1.5400693419e-09
automation,1807,5.14298778168e-10
automation,1808,5.14298778168e-10
automation,1809,5.14298778168e-10
automation,1810,5.14298778168e-10
automation,1811,2.09221227644e-10
automation,1812,2.09221227644e-10
automation,1813,2.09221227644e-10
automation,1814,0
automation,1815,0
automation,1816,1.52138175074e-09
automation,1817,1.86407689284e-09
automation,1818,2.22214662544e-09
automation,1819,2.22214662544e-09
automation,1820,3.10652820928e-09
automation,1821,3.23508246382e-09
automation,1822,3.35985136538e-09
automation,1823,4.92865042429e-09
automation,1824,4.58595528219e-09
automation,1825,4.35450235394e-09
automation,1826,4.82849532579e-09
automation,1827,3.94411374195e-09
automation,1828,3.81555948741e-09
automation,1829,2.14701837816e-08
automation,1830,1.8475307514e-08
automation,1831,1.87539915105e-08
automation,1832,1.91382714597e-08
automation,1833,1.86642784878e-08
automation,1834,2.04085425226e-08
automation,1835,2.06598927331e-08
automation,1836,3.0306218963e-09
automation,1837,3.01275876469e-09
automation,1838,2.81040051548e-09
automation,1839,2.82997381085e-09
automation,1840,2.98114574296e-09
automation,1841,1.30685931917e-09
automation,1842,1.6636635244e-09
automation,1843,1.71026475521e-09
automation,1844,1.63282334479e-09
automation,1845,1.75671388547e-09
automation,1846,1.3566848359e-09
automation,1847,1.44793476415e-09
automation,1848,1.43264482817e-09
automation,1849,1.09318811146e-09
automation,1850,1.27622379331e-09
automation,1851,1.50836676482e-09
automation,1852,1.71264304326e-09
automation,1853,1.92001743869e-09
automation,1854,1.93010487751e-09
automation,1855,2.50543819025e-09
automation,1856,2.634330928e-09
automation,1857,2.4471085634e-09
automation,1858,2.67579369773e-09
automation,1859,2.39315990834e-09
automation,1860,2.48231097582e-09
automation,1861,2.45574839828e-09
automation,1862,3.27440249518e-09
automation,1863,3.64061815615e-09
automation,1864,3.63646173491e-09
automation,1865,3.30831328205e-09
automation,1866,1.07071900314e-08
automation,1867,1.11012602682e-08
automation,1868,1.15474890047e-08
automation,1869,1.02571574647e-08
automation,1870,9.70453367666e-09
automation,1871,1.0895739287e-08
automation,1872,1.1377335312e-08
automation,1873,3.93461729071e-09
automation,1874,7.16713351366e-09
automation,1875,7.33737371655e-09
automation,1876,8.25232578304e-09
automation,1877,8.87998358179e-09
automation,1878,8.58895821925e-09
automation,1879,8.35873450614e-09
automation,1880,9.56329764585e-09
automation,1881,6.10949100834e-09
automation,1882,6.20695311022e-09
automation,1883,1.13012019425e-08
automation,1884,1.11030908911e-08
automation,1885,1.08852284646e-08
automation,1886,1.42256395235e-08
automation,1887,1.50708745166e-08
automation,1888,1.77114693071e-08
automation,1889,1.70333004844e-08
automation,1890,1.22823147208e-08
automation,1891,1.46373767075e-08
automation,1892,1.60363082178e-08
automation,1893,1.28422636969e-08
automation,1894,1.13992930016e-08
automation,1895,8.8152593796e-09
automation,1896,1.00264627712e-08
automation,1897,2.78554230475e-08
automation,1898,2.71144031037e-08
automation,1899,2.71761533277e-08
automation,1900,2.7386629599e-08
automation,1901,2.72672953423e-08
automation,1902,2.78851413706e-08
automation,1903,2.82771089718e-08
automation,1904,9.38037228845e-09
automation,1905,7.49152587584e-09
automation,1906,6.18413491844e-09
automation,1907,8.62232786756e-09
automation,1908,8.94890669504e-09
automation,1909,8.4189277137e-09
automation,1910,3.1677622874e-08
automation,1911,3.17621564922e-08
automation,1912,3.2044866665e-08
automation,1913,3.17643693888e-08
automation,1914,2.99884646322e-08
automation,1915,3.1566877144e-08
automation,1916,3.19365404281e-08
automation,1917,7.76263526474e-09
automation,1918,9.05494802948e-09
automation,1919,9.58539019586e-09
automation,1920,9.76996458338e-09
automation,1921,9.40691112307e-09
automation,1922,1.96641418704e-08
automation,1923,1.9679762518e-08
automation,1924,2.29550172521e-08
automation,1925,2.50252423863e-08
automation,1926,2.51298512793e-08
automation,1927,2.78171874107e-08
automation,1928,3.20688589334e-08
automation,1929,2.1338704137e-08
automation,1930,2.44839464258e-08
automation,1931,1.20495350459e-07
automation,1932,1.24974632674e-07
automation,1933,1.3580737119e-07
automation,1934,1.40639889576e-07
automation,1935,1.37370320833e-07
automation,1936,1.38638982199e-07
automation,1937,1.39862673823e-07
automation,1938,5.00456727488e-08
automation,1939,4.64755076328e-08
automation,1940,4.19165091208e-08
automation,1941,3.83775738807e-08
automation,1942,4.44753645975e-08
automation,1943,5.51966929306e-08
automation,1944,1.15984101561e-07
automation,1945,1.2990871312e-07
automation,1946,1.57058842884e-07
automation,1947,1.75959464396e-07
automation,1948,2.10978977273e-07
automation,1949,2.88297917856e-07
automation,1950,4.04627996886e-07
automation,1951,7.4205744178e-07
automation,1952,1.85599185646e-06
automation,1953,3.09658090966e-06
automation,1954,4.38150885072e-06
automation,1955,5.45455045702e-06
automation,1956,6.50104352319e-06
automation,1957,7.60769557928e-06
automation,1958,8.56477358216e-06
automation,1959,8.90603509366e-06
automation,1960,9.19657096737e-06
automation,1961,9.56327780191e-06
automation,1962,9.83184989829e-06
automation,1963,1.00227958423e-05
automation,1964,9.91042153536e-06
automation,1965,9.55772104914e-06
automation,1966,9.0091036457e-06
automation,1967,8.37596469085e-06
automation,1968,7.56225257906e-06
automation,1969,7.00215826198e-06
automation,1970,6.40549212351e-06
automation,1971,5.98953056397e-06
automation,1972,5.65593479353e-06
automation,1973,5.42197176401e-06
automation,1974,5.17881036493e-06
automation,1975,5.00943003447e-06
automation,1976,4.90410853412e-06
automation,1977,4.99329176559e-06
automation,1978,5.19542020681e-06
automation,1979,5.59685200382e-06
automation,1980,6.19775736206e-06
automation,1981,7.02096908104e-06
automation,1982,7.91160618974e-06
automation,1983,8.80354088752e-06
automation,1984,9.4866377367e-06
automation,1985,1.00739366644e-05
automation,1986,1.02300864455e-05
automation,1987,1.01883554505e-05
automation,1988,9.85967329013e-06
automation,1989,9.38260680934e-06
automation,1990,8.7496975019e-06
automation,1991,8.20514878797e-06
automation,1992,7.65223317753e-06
automation,1993,7.26841075708e-06
automation,1994,6.93617663014e-06
automation,1995,6.51464006296e-06
automation,1996,6.07105396609e-06
automation,1997,5.74284838097e-06
automation,1998,5.37405639989e-06
automation,1999,4.99999467658e-06
automation,2000,4.72250595911e-06
automation,2001,4.31504999402e-06
automation,2002,4.06812253979e-06
automation,2003,3.89649799867e-06
automation,2004,3.69639318316e-06
automation,2005,3.53245448943e-06
automation,2006,3.37441906595e-06
automation,2007,3.20584522992e-06
automation,2008,3.10243906045e-06
automation,2009,3.11602018753e-06
automation,2010,3.07169472892e-06
automation,2011,3.03011139684e-06
automation,2012,3.00028373853e-06
automation,2013,3.0877431852e-06
automation,2014,3.23514560867e-06
automation,2015,3.4564919328e-06
automation,2016,3.65061747029e-06
automation,2017,3.20158255818e-06
automation,2018,2.79632451696e-06
automation,2019,2.40493964806e-06
automation,2020,2.22183704561e-06
automation,2021,1.89677002709e-06
automation,2022,1.260790782e-06
labour - saving machinery,1800,5.57391022227e-09
labour - saving machinery,1801,5.14289228981e-09
labour - saving machinery,1802,4.28574357484e-09
labour - saving machinery,1803,3.67349449272e-09
labour - saving machinery,1804,3.39847527897e-09
labour - saving machinery,1805,3.39847527897e-09
labour - saving machinery,1806,4.7547175086e-09
labour - saving machinery,1807,6.99486741545e-09
labour - saving machinery,1808,6.75357739574e-09
labour - saving machinery,1809,8.84120625917e-09
labour - saving machinery,1810,8.84120625917e-09
labour - saving machinery,1811,9.50329838632e-09
labour - saving machinery,1812,1.10041445638e-08
labour - saving machinery,1813,1.22926880579e-08
labour - saving machinery,1814,9.65391910857e-09
labour - saving machinery,1815,1.04220537597e-08
labour - saving machinery,1816,1.0131329109e-08
labour - saving machinery,1817,1.31889711216e-08
labour - saving machinery,1818,1.65310990293e-08
labour - saving machinery,1819,1.75541409979e-08
labour - saving machinery,1820,1.7383933277e-08
labour - saving machinery,1821,1.89750574618e-08
labour - saving machinery,1822,1.96634506772e-08
labour - saving machinery,1823,2.05185581541e-08
labour - saving machinery,1824,1.88686904831e-08
labour - saving machinery,1825,1.65364379967e-08
labour - saving machinery,1826,2.03488476862e-08
labour - saving machinery,1827,2.29168747471e-08
labour - saving machinery,1828,2.1215725938e-08
labour - saving machinery,1829,2.34120529947e-08
labour - saving machinery,1830,2.18587631805e-08
labour - saving machinery,1831,2.13268687789e-08
labour - saving machinery,1832,2.38860315654e-08
labour - saving machinery,1833,2.57572783419e-08
labour - saving machinery,1834,2.4722522315e-08
labour - saving machinery,1835,2.54515798913e-08
labour - saving machinery,1836,2.33608031966e-08
labour - saving machinery,1837,2.87593409405e-08
labour - saving machinery,1838,2.88432759581e-08
labour - saving machinery,1839,2.52446281657e-08
labour - saving machinery,1840,1.73539771125e-08
labour - saving machinery,1841,1.4299663041e-08
labour - saving machinery,1842,1.36594990557e-08
labour - saving machinery,1843,1.33627808501e-08
labour - saving machinery,1844,8.89558737782e-09
labour - saving machinery,1845,8.49541871771e-09
labour - saving machinery,1846,8.29418197615e-09
labour - saving machinery,1847,9.82176257785e-09
labour - saving machinery,1848,9.6142512364e-09
labour - saving machinery,1849,9.58685093216e-09
labour - saving machinery,1850,1.11131703205e-08
labour - saving machinery,1851,1.00580064912e-08
labour - saving machinery,1852,1.06122935201e-08
labour - saving machinery,1853,1.02658099481e-08
labour - saving machinery,1854,1.12866483461e-08
labour - saving machinery,1855,1.09819150281e-08
labour - saving machinery,1856,1.09299619197e-08
labour - saving machinery,1857,8.34681720566e-09
labour - saving machinery,1858,1.08220023419e-08
labour - saving machinery,1859,1.25274416872e-08
labour - saving machinery,1860,1.42364936665e-08
labour - saving machinery,1861,1.32119751647e-08
labour - saving machinery,1862,1.42931803853e-08
labour - saving machinery,1863,1.42601373567e-08
labour - saving machinery,1864,1.5636855493e-08
labour - saving machinery,1865,1.44656146109e-08
labour - saving machinery,1866,1.45778417909e-08
labour - saving machinery,1867,1.48719714638e-08
labour - saving machinery,1868,1.43981367781e-08
labour - saving machinery,1869,1.63772336644e-08
labour - saving machinery,1870,1.8452918812e-08
labour - saving machinery,1871,2.30697165498e-08
labour - saving machinery,1872,2.45390430515e-08
labour - saving machinery,1873,2.41527882139e-08
labour - saving machinery,1874,2.52996673769e-08
labour - saving machinery,1875,2.93819551546e-08
labour - saving machinery,1876,3.28223865864e-08
labour - saving machinery,1877,3.29237703767e-08
labour - saving machinery,1878,3.2780406199e-08
labour - saving machinery,1879,3.38149835751e-08
labour - saving machinery,1880,3.61553684769e-08
labour - saving machinery,1881,3.85871319659e-08
labour - saving machinery,1882,3.96934363473e-08
labour - saving machinery,1883,3.7964731549e-08
labour - saving machinery,1884,3.88123529506e-08
labour - saving machinery,1885,3.59640842821e-08
labour - saving machinery,1886,3.55743323053e-08
labour - saving machinery,1887,3.40075975e-08
labour - saving machinery,1888,3.27189881537e-08
labour - saving machinery,1889,4.39074468212e-08
labour - saving machinery,1890,4.59739218123e-08
labour - saving machinery,1891,4.78310186379e-08
labour - saving machinery,1892,5.00627676457e-08
labour - saving machinery,1893,5.1922063601e-08
labour - saving machinery,1894,5.61568731834e-08
labour - saving machinery,1895,5.95664439678e-08
labour - saving machinery,1896,4.94461061302e-08
labour - saving machinery,1897,5.10884744033e-08
labour - saving machinery,1898,5.36352656257e-08
labour - saving machinery,1899,5.96220312486e-08
labour - saving machinery,1900,6.44166787213e-08
labour - saving machinery,1901,6.75185606472e-08
labour - saving machinery,1902,6.86474658705e-08
labour - saving machinery,1903,7.13810298488e-08
labour - saving machinery,1904,7.337680127e-08
labour - saving machinery,1905,7.24293331343e-08
labour - saving machinery,1906,6.90279604904e-08
labour - saving machinery,1907,6.71704535802e-08
labour - saving machinery,1908,6.62841926109e-08
labour - saving machinery,1909,6.4763642322e-08
labour - saving machinery,1910,6.37030639033e-08
labour - saving machinery,1911,5.99030473479e-08
labour - saving machinery,1912,5.77575838585e-08
labour - saving machinery,1913,5.99474588065e-08
labour - saving machinery,1914,5.85332310875e-08
labour - saving machinery,1915,6.00503596055e-08
labour - saving machinery,1916,6.52451334864e-08
labour - saving machinery,1917,6.6396157905e-08
labour - saving machinery,1918,6.73688553832e-08
labour - saving machinery,1919,6.75571842277e-08
labour - saving machinery,1920,6.41765396381e-08
labour - saving machinery,1921,6.24901293885e-08
labour - saving machinery,1922,5.88584652762e-08
labour - saving machinery,1923,5.36197341765e-08
labour - saving machinery,1924,4.95161793473e-08
labour - saving machinery,1925,4.88848859805e-08
labour - saving machinery,1926,5.01494871027e-08
labour - saving machinery,1927,5.03662701387e-08
labour - saving machinery,1928,5.28591829355e-08
labour - saving machinery,1929,5.21194181147e-08
labour - saving machinery,1930,5.10008299719e-08
labour - saving machinery,1931,5.15792706324e-08
labour - saving machinery,1932,5.07072098596e-08
labour - saving machinery,1933,4.92198769361e-08
labour - saving machinery,1934,4.68293645132e-08
labour - saving machinery,1935,4.27271658054e-08
labour - saving machinery,1936,3.97673008174e-08
labour - saving machinery,1937,3.60567733131e-08
labour - saving machinery,1938,3.17520742397e-08
labour - saving machinery,1939,2.86314289103e-08
labour - saving machinery,1940,2.45310732997e-08
labour - saving machinery,1941,2.36051901835e-08
labour - saving machinery,1942,2.2748016296e-08
labour - saving machinery,1943,2.31807528093e-08
labour - saving machinery,1944,2.57546799125e-08
labour - saving machinery,1945,2.70767238472e-08
labour - saving machinery,1946,2.71526828958e-08
labour - saving machinery,1947,2.86835253961e-08
labour - saving machinery,1948,2.78383990146e-08
labour - saving machinery,1949,2.69780170267e-08
labour - saving machinery,1950,2.51780945299e-08
labour - saving machinery,1951,2.25876181251e-08
labour - saving machinery,1952,2.22371584004e-08
labour - saving machinery,1953,2.18220758289e-08
labour - saving machinery,1954,2.10026335371e-08
labour - saving machinery,1955,2.07211951724e-08
labour - saving machinery,1956,2.03149903249e-08
labour - saving machinery,1957,2.00909374217e-08
labour - saving machinery,1958,2.05002843907e-08
labour - saving machinery,1959,1.92309954627e-08
labour - saving machinery,1960,1.84134893999e-08
labour - saving machinery,1961,1.76981878042e-08
labour - saving machinery,1962,1.74206957431e-08
labour - saving machinery,1963,1.83931737143e-08
labour - saving machinery,1964,1.86148067119e-08
labour - saving machinery,1965,1.99292628115e-08
labour - saving machinery,1966,2.16926908182e-08
labour - saving machinery,1967,2.18330945704e-08
labour - saving machinery,1968,2.22183381534e-08
labour - saving machinery,1969,2.16326988069e-08
labour - saving machinery,1970,2.04293114489e-08
labour - saving machinery,1971,1.95403214879e-08
labour - saving machinery,1972,1.65002885006e-08
labour - saving machinery,1973,1.41987498584e-08
labour - saving machinery,1974,1.32074924965e-08
labour - saving machinery,1975,1.20645336261e-08
labour - saving machinery,1976,1.1543913127e-08
labour - saving machinery,1977,1.10685365635e-08
labour - saving machinery,1978,1.08082638712e-08
labour - saving machinery,1979,1.08311777325e-08
labour - saving machinery,1980,1.00651491586e-08
labour - saving machinery,1981,1.0327069295e-08
labour - saving machinery,1982,1.01510875261e-08
labour - saving machinery,1983,1.03863761401e-08
labour - saving machinery,1984,1.00540922254e-08
labour - saving machinery,1985,1.00966552579e-08
labour - saving machinery,1986,9.70649814493e-09
labour - saving machinery,1987,9.76171093165e-09
labour - saving machinery,1988,9.35553869295e-09
labour - saving machinery,1989,8.79898712621e-09
labour - saving machinery,1990,7.94544703047e-09
labour - saving machinery,1991,7.52076052229e-09
labour - saving machinery,1992,7.13407732889e-09
labour - saving machinery,1993,6.84541179297e-09
labour - saving machinery,1994,6.54789365586e-09
labour - saving machinery,1995,5.90520863954e-09
labour - saving machinery,1996,5.86428759521e-09
labour - saving machinery,1997,5.83843912898e-09
labour - saving machinery,1998,5.37185331138e-09
labour - saving machinery,1999,5.21627065351e-09
labour - saving machinery,2000,5.07203098569e-09
labour - saving machinery,2001,5.12544318099e-09
labour - saving machinery,2002,5.15935446746e-09
labour - saving machinery,2003,5.32628074978e-09
labour - saving machinery,2004,5.26099272083e-09
labour - saving machinery,2005,6.04284577932e-09
labour - saving machinery,2006,6.02189897947e-09
labour - saving machinery,2007,5.97832532685e-09
labour - saving machinery,2008,5.87087235969e-09
labour - saving machinery,2009,5.87306210014e-09
labour - saving machinery,2010,6.01346838991e-09
labour - saving machinery,2011,6.06249875698e-09
labour - saving machinery,2012,5.4519205658e-09
labour - saving machinery,2013,5.52307107985e-09
labour - saving machinery,2014,5.53009358941e-09
labour - saving machinery,2015,5.58888567172e-09
labour - saving machinery,2016,6.08210573968e-09
labour - saving machinery,2017,5.05173813892e-09
labour - saving machinery,2018,4.2381219169e-09
labour - saving machinery,2019,3.640938852e-09
labour - saving machinery,2020,3.09638729471e-09
labour - saving machinery,2021,2.77198193288e-09
labour - saving machinery,2022,2.10265294065e-09
